job_title,company,location
Data Analyst,LawDepot,"Hybrid work in Edmonton, AB"
"Senior Data Analyst, CAADSI",Fraser Health,"Hybrid work in Surrey, BC"
Business Data Analyst,RideCo,"Hybrid work in Waterloo, ON"
Sr. Data Analyst,CARFAX,"London, ON"
Student Success Analyst,University Canada West,"Vancouver, BC"
E-Commerce Data Analyst,New Directions Aromatics Inc.,"Mississauga, ON"
Data Analyst,Jam City,Remote
Junior Analyst,Paris Jewellers,"Edmonton, AB"
HRIS Analyst,Pursuit Collection,"Calgary, AB"
Data Analyst,Hard Rock Digital,Hybrid work
IT Business Systems Analyst,Greenfire Resources Operating Corporation,"Fort McMurray, AB"
Data Analyst,Utility Source Inc.,Remote
"Business Systems Analyst, Front Office",Atlantic Packaging Products Ltd,"Scarborough, ON"
Data Analyst,University of British Columbia,"Vancouver, BC"
Data and Reporting Analyst Co-op/Intern,NOKIA,Remote in Canada
MFL Pipeline Data Analyst I,Entegra LLP,"Leduc, AB"
Data Analyst,Cold Bore Technology Inc.,"Calgary, AB"
Data Analyst,University of Alberta,"Hybrid work in Edmonton, AB"
Business Analyst - Technical & Data,Alimentiv,Remote
data analyst - informatics and systems,Skycruise Tech,"Brooks, AB"
Operations Support Analyst,Pantonium Inc.,Remote
Data Analyst,Engage Building Products,"Calgary, AB"
Data Operations Analyst,Manulife,"Waterloo, ON"
Data Analyst (Data Engineering),On Side Restoration,Remote
RES O 21R - Data Analyst,BC Public Service,"Abbotsford, BC"
Data Analyst 2,Edmonton Catholic Schools,"Hybrid work in Edmonton, AB"
Analyst - Data & Analytics,WestJet,"Hybrid work in Calgary, AB"
Binance Accelerator Program - Data Analyst,Binance,Remote
Senior Customer Data Analyst - Remote,League Inc.,Remote
"Analyst, Data valorization",Desjardins,"Remote in Lévis, QC"
Data Analyst,Maplesoft Group,Remote
Data Analyst,GFL Environmental,"Vaughan, ON"
Business Development Data Analyst - Remote Work,BairesDev,"Remote in Vancouver, BC"
Binance Accelerator Program - Data Analyst (Risk),Binance,Remote
Online Data Analyst Canada (French Language),TELUS,Remote
Data Analyst,"Stefanini, Inc","Hybrid work in Toronto, ON"
Data Analyst,crbnx inc.,"Greater Toronto Area, ON"
GIS Analyst - Data,The Corporation of the City of Markham,"Markham, ON"
Business Intelligence Analyst,WorkSafeNB,"Saint John, NB"
Data Analyst,FanDuel,"Toronto, ON"
Data Analyst (Hybrid),Workplace Safety and Insurance Board,"Toronto, ON"
Business Data Analyst,RideCo,"Hybrid work in Waterloo, ON"
ICQA Data Analyst,"Amazon Canada Fulfillment Services, ULC.","St. Thomas, ON"
Data Analyst Intermediate,"MobileComm, Inc.","Don Mills, ON"
Analyst,Government of Alberta,"Edmonton, AB"
Systems Analyst,EPCOR,"Hybrid work in Edmonton, AB"
Sr. Data Analyst,ZayZoon,Remote in Canada
RES O 24R - Marketing Data Analyst,BC Public Service,Hybrid work in British Columbia
business data analyst,Effessy Solutions,"Edmonton, AB"
Business Analyst (Epic Project),Newfoundland and Labrador Centre for Health...,Hybrid work in Newfoundland and Labrador
Data Analyst,Invafresh,"Mississauga, ON"
Business Analyst,Island Health,"Remote in Nanaimo, BC"
Jr. Business Analyst,PHSA,"Vancouver, BC"
Data Analyst,PERI,"Bolton, ON"
Business Analyst Intern (Part-time),Hikvision Canada,"Mississauga, ON"
GTFS Data Analyst,MobilityData,"Montréal, QC"
Business Analyst,GDS,"Remote in Greater Toronto Area, ON"
Exploration Data Analyst/Programmer,Canadian Natural,"Calgary, AB"
Business Intelligence Analyst,Western Financial Group,"Remote in Calgary, AB"
Business Intelligence Analyst,OpenCircle Association,"Edmonton, AB"
Business Intelligence Analyst,Western Financial Group,"Remote in Calgary, AB"
Data Analyst,Moerai Soultions,"Hybrid work in North York, ON"
Data Analyst,"PERI Formwork Systems, Inc.","Bolton, QC"
database analyst,SR CARGO WORLD INC.,"Edmonton, AB"
Intermediate Data Analyst,SNDL,"Edmonton, AB"
Business Planning Analyst,Government of Alberta,"Edmonton, AB"
Online Data Analyst Canada (French Language),TELUS International,Canada
Statistical Data Analyst,York Region,"Sharon, ON"
Data Analyst,Life360,"Remote in Vancouver, BC"
Evergreen - Business Analyst - Winnipeg (Remote for Winnipeg),Togetherwork Talent Community,"Remote in Winnipeg, MB"
Business Intelligence Analyst,Sobeys,"Calgary, AB"
(Remote) Business Analyst,Harris Computer Systems,Remote in Alberta
Business Analyst,Uline,"Milton, ON"
Senior Data Analyst,Electronic Arts,"Vancouver, BC"
Business and Data Analyst,Connexall,"Hybrid work in North York, ON"
(Remote) Business Analyst,Harris Computer Systems,Remote in Alberta
Business and Data Analyst,Connexall,"Hybrid work in North York, ON"
Senior Data Analyst,Electronic Arts,"Vancouver, BC"
Data Analyst,Lifemark Health Group,"Hybrid work in Toronto, ON"
GenAI Business Analyst,Paralucent,Remote
Data Analyst,Nanometrics Inc,"Ottawa, ON"
ERP Data Analyst,Tri-global,Remote
Business Analyst,City of Calgary,"Calgary, AB"
Business Operations Analyst,City of Calgary,"Calgary, AB"
Senior Business Analyst,Blacksmith Agency,Remote
Data Analyst,HCL Technologies,"Calgary, AB"
"Analyst (Market Research, Social Research)",Advanis,Canada
Data Analyst - Informatics and Systems,Snaplii,"Mississauga, ON"
Survey Data Analyst,Loblaw Companies Limited,"Brampton, ON"
Cybersecurity Awareness Analyst,Atco Ltd.,"Calgary, AB"
Data Analyst,Veeva Systems,"Toronto, ON"
Data Analyst - Contract,DP World,"Burnaby, BC"
Data Quality Analyst,Equifax,"Toronto, ON"
Data Migration Analyst,WELL Health Technologies Corp,"Toronto, ON"
Analytics Analyst/Developer,Septodont,"Remote in Cambridge, ON"
Data Analyst,ATB Financial,"Hybrid work in Calgary, AB"
Business Data Analyst,Groupe Touchette Inc.,"Hybrid work in Etobicoke, ON"
Business Intelligence Engineer,Payfare Inc,Remote
Business Systems Analyst,Accenture,"Hybrid work in Toronto, ON"
Snowflake BI Analyst (217312),Oomple,Remote
SME - Urban Agriculture Research Analyst,Durham College,"Whitby, ON"
PowerBI/Business Intelligence Consultant,Convverge Inc.,"Remote in Calgary, AB"
Business Analyst,Teck Resources Limited,"Sparwood, BC"
"Business Intelligence Analyst (with SQL, ETL etc - chk JD)",Raag Solutions,"Edmonton, AB"
Data Analyst (Level 2),Intero Integrity,"Toronto, ON"
Data Analytics Specialist,Omega Solutions Imc,"Edmonton, AB"
Study Coordinator/Data Analyst,Western University,"London, ON"
Business Intelligence (BI) Analyst,TAQA,"Hybrid work in Calgary, AB"
Data System Engineer - Analyst,PepsiCo,"Mississauga, ON"
Senior Business Intelligence Analyst,Federated Co-operatives Limited,Canada
Tourism Research Analyst,Discover Halifax,"Hybrid work in Halifax, NS"
Senior Data Engineering Analyst,City of Edmonton,"Edmonton, AB"
Sports Data Analyst,Valnet Freelance,"Montréal, QC"
Health & Safety Business Analyst,Atco Ltd.,"Calgary, AB"
Aviation Data Analyst,International Air Transport Association (IATA),"Montréal, QC"
"Senior Analyst, Pharmaceuticals, Data Management",Canadian Institute for Health Information,"Ottawa, ON"
Data Analyst,Novitech Inc.,"Hybrid work in Vaughan, ON"
Business Analyst,Sapiens,"Remote in Toronto, ON"
Data Analyst Intern,Second Bind,Remote
data analyst - informatics and systems,SULYMON GLOBAL INC.,"North York, ON"
Data Analyst Intern,Second Bind,Remote
Product Data Analyst,CONFORMiT,"Saguenay, QC"
Application Help Desk Analyst,Cloudtrend Inc.,"Edmonton, AB"
Business Intelligence Developer Co-op Fall Season 2024,Ericsson,"Hybrid work in Ottawa, ON"
Data Analyst (ERP),Vantix Systems Inc,"Remote in Edmonton, AB"
Research Analyst,University of British Columbia,"Vancouver, BC"
data analyst - informatics and systems,CBK INTERNATIONAL INC,"Mississauga, ON"
Senior Business Analyst - Contract,Compugen Inc,Canada
Business Analyst,Cloudtrend Inc.,"Edmonton, AB"
Technical Business Analyst,swiftlysiri,Remote
Suite Metering Data Analyst,UTIL-ASSIST,"Hybrid work in Newmarket, ON"
Senior Data / Reporting Analyst,"MobileComm, Inc.","Don Mills, ON"
Marketing Data Analyst,Ubisoft,"Montréal, QC"
Supply Chain Insights Analyst,Federated Co-operatives Limited,Canada
Senior BI Engineer,COREL CORPORATION USA,"Waterloo, ON"
Digital Data Analyst,Princess Auto,"Winnipeg, MB"
Junior Business Analyst,RPM TECHNOLOGIES CORP,"Toronto, ON"
Copy of Data Analyst and Solution Developer,INLAN,Remote
"2024 CAE Group, Fall Data Analyst, Data Products (4 Months)",Royal Bank of Canada,"Toronto, ON"
"Data Analyst, Product",Relay Financial,"Hybrid work in Toronto, ON"
Data Analyst - Credit Risk,Dawn InfoTek Inc.,"Hybrid work in Toronto, ON"
Business & Policy Analyst,Simon Fraser University,"Burnaby, BC"
"Senior Policy and Data Analyst, Health Human Resources",Government of Saskatchewan,"Regina, SK"
BI Engineer,Electronic Arts,"Vancouver, BC"
"2024 Fall - CAO, Analyst - Data Stewardship Intern (4 Months)",Royal Bank of Canada,"Toronto, ON"
GIS Analyst,Drivewyze,"Edmonton, AB"
Investigation Analyst,Manulife,"Waterloo, ON"
Knowledge Graph Data Analyst,Schema App,"Remote in Guelph, ON"
data analyst - informatics and systems,Pearl Technologies LTD.,"Toronto, ON"
Data Support Analyst,CI Financial,"Hybrid work in Toronto, ON"
Senior Data Analyst,Wave HQ,Remote
Quality Assurance Analyst,Prophecy Technologies Corp,"Yellowknife, NT"
Market Analyst (12 month contract),Canadian National Railway,"Calgary, AB"
Senior Data Analyst (Planning & Development Officer 3),Province of Nova Scotia,"Hybrid work in Halifax, NS"
"Information and Data Analyst, Population Health Observatory",Fraser Health,"Surrey, BC"
Data Analyst,CTConsultants,"Hybrid work in Montréal, QC"
Data Analyst,Technical Standards and Safety Authority (TSSA),"Toronto, ON"
Business Analyst,Weston Forest,"Mississauga, ON"
Data Engineer / Analyst - Visual2000 experience-SQL...,INNER CIRCLE AGENCY,"Montréal, QC"
Record & Information Management Analyst (Records Analyst II),Province of Nova Scotia,"Halifax, NS"
Health and Benefits Analyst,WTW,"Calgary, AB"
Data Analyst,CARMA Corp,"Lindsay, ON"
Senior Accounting Analyst,Charger Logistics Inc,"Brampton, ON"
Business Analyst - Software/Tech Company,Monark,"Remote in Surrey, BC"
business data analyst,Print Three,"Etobicoke, ON"
"Data Analyst, 6 - 12 month contract",Achievers,"Hybrid work in Toronto, ON"
QA Analyst,Dialpad,"Kitchener, ON"
database analyst,Heritage Investment Corp,"Sherwood Park, AB"
"Junior Analyst, Business & ERP",SECURE Energy,"Calgary, AB"
"Business Analyst, Business Technology",Vancouver Coastal Health,"Vancouver, BC"
Business Systems Analyst Administrative Position: Full-Time (Temporary),The King's University (CA),"Edmonton, AB"
Senior Health Workforce Analyst,Government of Alberta,"Edmonton, AB"
FP&A Analyst,Busbud,Remote
Analyst,Des Nedhe Management Inc,"Saskatoon, SK"
Vendor Data Support Analyst,Loblaw Companies Limited,"Brampton, ON"
Business Analyst,SAIT,"Calgary, AB"
Velocity - Data Analyst Internship/Co-Op - Fall 2024,Scotiabank,"Toronto, ON"
Data Management & Governance Analyst/ Specialist,Roche,"Mississauga, ON"
"Data & Research Analyst, Supply Management",Vancouver Airport Authority,"Vancouver, BC"
DATA ANALYST,HKJ Marketing,"Richmond, BC"
Health Human Resource Analyst & Health Workforce Analyst,Government of Alberta,"Edmonton, AB"
Microsoft Dynamics Business Analyst,Harris Corrections - Harris Computer Guardian...,Remote
Reporting and BI Lead,EZOPS,"Remote in Edmonton, AB"
Signal Processing Engineer and Data Analyst,INLAN,Remote
BI Developer,Watson Building Supplies,"Vaughan, ON"
Business Data Analyst,BlazeSoft,"Vaughan, ON"
"Data Analyst, CAADSI",Fraser Health,"Hybrid work in Surrey, BC"
Senior Data Analyst,dbrand,"Mississauga, ON"
Enterprise Data Analyst,Workstream,"Hybrid work in Vancouver, BC"
Senior Data Analyst,Wave,"Toronto, ON"
Business Analyst,goeasy,"Mississauga, ON"
"Analyst, Group Benefits",Lloyd Sadd Insurance Brokers,"Edmonton, AB"
Business Analyst,Accuenergy (Canada) Inc.,"Scarborough, ON"
"Operations Analyst, Data Centre Operations-Information Technologies",The University of Calgary,"Calgary, AB"
Energy and Sustainability Data Analyst II,BGIS,"Markham, ON"
Energy and Sustainability Data Analyst II,BGIS,"Markham, ON"
Business Analyst,Accuenergy (Canada) Inc.,"Scarborough, ON"
"Operations Analyst, Data Centre Operations-Information Technologies",The University of Calgary,"Calgary, AB"
Entry Level Data Analyst,BOS Innovations,"London, ON"
"Business Analyst, Collaboration Tools",Zendesk,Remote
data warehouse analyst,VISAY TECHNOLOGIES INC,"Edmonton, AB"
Business Intelligence Intern (8 month internship),Thales,"Toronto, ON"
Business Analyst,369 Global,"Hybrid work in Ajax, ON"
Data Analyst,Youville Haussmann Park,"Hybrid work in Montréal, QC"
"Analyst II, Strategic Insights",Affirm,"Remote in Toronto, ON"
Data Analyst Redemption Optimization Research and Development,Air Canada,"Dorval, QC"
Web Analyst,Samsara,Remote
Talent Intelligence Analyst,Securian Canada,"Toronto, ON"
Program Analyst,Workplace Safety and Insurance Board,"Hybrid work in Toronto, ON"
Intern Business Intelligence,International Air Transport Association (IATA),"Montréal, QC"
Intern Business Intelligence,International Air Transport Association (IATA),"Montréal, QC"
Talent Intelligence Analyst,Securian Canada,"Toronto, ON"
Program Analyst,Workplace Safety and Insurance Board,"Hybrid work in Toronto, ON"
Data Analyst (DAD/NACRS Coder) - Decision Support - Temporary Full-Time 2024-7887,Sunnybrook Health Sciences Centre,"Toronto, ON"
BI Data Engineer,Moerai Soultions,"Hybrid work in Mississauga, ON"
Data Governance Business Analyst,hire IT people,"Toronto, ON"
Database Analyst,AG IT Consulting,"Hybrid work in Concord, ON"
"Analyst, Digital Operations & Display",Canadian Tire Corporation,"Hybrid work in Toronto, ON"
Senior Business Analyst,Canada Life Assurance Company,"London, ON"
Inventory Data Analyst (Casual),PHSA,"Langley, BC"
Data Analyst (2),Vantix Systems Inc,"Hybrid work in Edmonton, AB"
Senior Data Analyst,Scene+,"Toronto, ON"
Solution Analyst,Rightsline,"Remote in Toronto, ON"
Business Analyst,Quantum Lifecycle Partners LP,"Brampton, ON"
BI Analyst & Report Developer,Mini Mall Storage Properties,"Calgary, AB"
Operations Research Analyst,Sophos,Canada
Risk Analyst Co-op,PC Financial,"Toronto, ON"
Senior Data Analyst,OGGN Inc.,Remote
Senior Financial Data Analyst,FGL Sports,"Hybrid work in Calgary, AB"
Data Analyst & Site Administration,Nutrien,"Red Deer, AB"
Business Solution Analyst,Wawanesa Insurance,Hybrid work in Canada
"Analyst, People Analytics",Healthcare of Ontario Pension Plan (HOOPP),"Toronto, ON"
"Remote Bilingual Fraud Analyst, Contact Center (French/English)",BMO Financial Group,"Remote in Quebec City, QC"
business systems analyst,ANA TECHNOLOGY,"Edmonton, AB"
Data Analyst,HUB International,"Toronto, ON"
DLP Analyst,Zebra Technologies,"Hybrid work in Mississauga, ON"
Senior Data Analyst,Heartland Farm Mutual Inc.,"Hybrid work in Waterloo, ON"
Analyste Sénior.e / Senior Analyst - Data and Analytics (DnA),Electronic Arts,"Montréal, QC"
data analyst - informatics and systems,O2 Consulting,"Regina, SK"
Sr. Product Data Analyst,"ABC Financial Services, Inc.",Ontario
Analyste Sénior.e / Senior Analyst - Data and Analytics (DnA),Electronic Arts,"Montréal, QC"
data analyst - informatics and systems,O2 Consulting,"Regina, SK"
Business Systems Analyst - Intermediate,Insurance Corporation of British Columbia,"Hybrid work in North Vancouver, BC"
Business Analyst,Eperformance Inc.,"Hybrid work in Ottawa, ON"
Reliability Analyst,Porter Airlines Inc.,"Toronto, ON"
Business Analyst,Princeton IT Services,"Toronto, ON"
"Data Analyst, Investment Data Analytics","Connor, Clark & Lunn Financial Group","Vancouver, BC"
Statistical Analyst,Medical Council Of Canada,"Ottawa, ON"
Data Analyst,IntegrateIT,"Winnipeg, MB"
"Analyst, Digital Health Systems",First Nations Health Authority,"Hybrid work in Metro Vancouver Regional District, BC"
"Analyst, EHS Data Stewardship & Reporting",AltaGas,"Calgary, AB"
investment analyst,Green Square Research Inc.,"North York, ON"
Business Systems Analyst (Information Security),City of London,"London, ON"
Product Data Analyst - T7100-2-C,GS1 Canada,"Hybrid work in Toronto, ON"
Statistical Analyst,Western University,"London, ON"
business systems analyst,Minestar GP Ltd,"Millet, AB"
data analyst - informatics and systems,JK Contracting and Consulting Inc.,"Burlington, ON"
"Data Analyst & Quality Improvement Lead, Mental Health – Ref #2024-074",Sioux Lookout First Nations Health Authority,"Sioux Lookout, ON"
Business & Systems Analyst,Sun Life,"Waterloo, ON"
IT Business System Analyst,NOVONIX,Remote
Senior Statistical Data Analyst,York Region,"Newmarket, ON"
"Business Analyst, Operations Support and Analytics",Canadian Tire Corporation,"Mississauga, ON"
Business Data Analyst,BridgePoint Financial Group,"Hybrid work in Toronto, ON"
Business Management Analyst Intern/Co-op (Fall 2024),TD Bank,"Toronto, ON"
Senior Business Intelligence Engineer,Jobber,Remote
Business Analyst,Focal Systems,"Mississauga, ON"
Pricing Analyst,Staples,"Mississauga, ON"
Senior Integrations Analyst - Data,fusionSpan,Remote
Engineering Project Data Analyst,CMC Électronique,"Hybrid work in Montréal, QC"
Resource Analyst,Silvacom Group,"Hybrid work in Edmonton, AB"
Resource Analyst,Silvacom Group,"Hybrid work in Edmonton, AB"
Senior Integrations Analyst - Data,fusionSpan,Remote
Engineering Project Data Analyst,CMC Électronique,"Hybrid work in Montréal, QC"
ADMN O 24R - Policy Analyst,BC Public Service,British Columbia
Senior Data Analyst,BMO Financial Group,"Mississauga, ON"
"Research Analyst, Academic Experience",University of Toronto,"Hybrid work in Mississauga, ON"
Data Analyst,Pempem,"Montréal, QC"
Marketing Data Analyst - Toronto,PagerDuty,"Toronto, ON"
"Sr Analyst, Pred Modelling",Rogers Communications,"Toronto, ON"
"Analyst, Human Intelligence",Daniel J. Edelman Holdings,"Toronto, ON"
Health Records Data Analyst - Health Records (CEN),Scarborough Health Network,"Toronto, ON"
"Analyst, Master Data Services",Gay Lea Foods,"Mississauga, ON"
Business Analyst,Assent,"Hybrid work in Ottawa, ON"
Business Systems Analyst,PCL Construction,"Edmonton, AB"
"Analyst, Business Analytics",Mattamy Homes,"Mississauga, ON"
"Analyst, Business Analytics",Mattamy Homes,"Mississauga, ON"
Business Analyst,Assent,"Hybrid work in Ottawa, ON"
Business Systems Analyst,PCL Construction,"Edmonton, AB"
Underwriting Analyst,Faire,"Remote in Toronto, ON"
Senior Business Data and Policy Analyst,Government of Saskatchewan,"Regina, SK"
"Business Data Analyst, Product",EXL Services,"Toronto, ON"
Senior BI / Data Engineer,Vantix Systems Inc,"Remote in Edmonton, AB"
business systems analyst,Gold Valley Daycare & Osc,"Leduc, AB"
ETL Analyst / Developer,Vantix Systems Inc,"Hybrid work in Edmonton, AB"
"analyst, database",MANN INTERNATIONAL EDUCATION LTD.,"Edmonton, AB"
Business Intelligence Specialist,Construction and Equipment Divisional Services,"Saint John, NB"
Data Research Analyst,Teranet,"Toronto, ON"
database analyst,VGM Wire & Automation,"Edmonton, AB"
Junior GIS Analyst,Canadian Fiber Optics,"Hybrid work in Calgary, AB"
Data Analyst / Business Analyst,Mobis Parts Canada Corporation,"Markham, ON"
Senior Data Analyst,MUFG Investor Services,"Hybrid work in Toronto, ON"
business data analyst,Mibay Services Inc,"Calgary, AB"
business data analyst,IRIS R&D Group Inc.,"Burlington, ON"
SENIOR BUSINESS & SYSTEMS ANALYST,City of Toronto,"Toronto, ON"
"Analyst, Economic Policy & Sustainability",Airports Council International,"Hybrid work in Montréal, QC"
"Analyst, Global Retirement & Benefits",Four Seasons,"Hybrid work in Toronto, ON"
Power BI Data analyst CO-OP,Mondelēz International,"Toronto, ON"
Senior Data Analyst,DarkVision,"Vancouver, BC"
Business Operations Analyst Tableau - Vancouver Remote,Motorola Solutions,"Remote in Vancouver, BC"
Data Analyst (Event Analysis and Insight),DRW,"Montréal, QC"
"Specialist, Business Intelligence",CMHC,"Hybrid work in Ottawa, ON"
Senior Data Analyst,Aviva,"Hybrid work in Markham, ON"
Data Business Analyst,Specsavers,"Hybrid work in Burnaby, BC"
Brand Insights Analyst,Arc'teryx,"Hybrid work in North Vancouver, BC"
database analyst,Thousandeals Inc.,"Scarborough, ON"
Brand Insights Analyst,Arc'teryx,"Hybrid work in North Vancouver, BC"
Business Analyst (Contract),Intelliware Development Inc.,"Hybrid work in Toronto, ON"
Data Analyst- Snowflake,Atlantis IT group,"Montréal, QC"
Geophysicist/Data Analyst,Sander Geophysics,"Ottawa, ON"
Procurement Analyst Intern,Mastronardi Produce Limited,"Kingsville, ON"
"Data Modeller, Business Intelligence",Clio,"Hybrid work in Vancouver, BC"
IT Business Analyst,Sunrise Farms,"Surrey, BC"
information technology (IT) data analyst,Six side Logistics,"Mississauga, ON"
Sustainability Data Analyst,JLL,"Hybrid work in Toronto, ON"
Asset Management Consultant and Data Analyst,GM BluePlan Engineering,"Guelph, ON"
Business Intelligence Data Architect,Loopio,"Remote in Hub, NS"
Power BI Developer,Dawn InfoTek Inc.,"Hybrid work in Toronto, ON"
Data Analyst,Evercore,"Montréal, QC"
Senior QA Analyst,Vantix Systems Inc,"Remote in Edmonton, AB"
database analyst,Technology Solutions,"Mississauga, ON"
Team Lead – Data Analyst,Cirque du Soleil,"Hybrid work in Montréal, QC"
business data analyst,Siga Home Comfort Inc.,"North York, ON"
Data Scientist / Quantitative Analyst - Numerical Simulation (Web3) (m/w/d),Impossible Cloud GmbH,Hybrid work in Ontario
Chief Business and Data Analyst,National Bank of Canada,"Hybrid work in Montréal, QC"
"Analyst, Performance Programs",Canadian Air Transport Security Authority,"Hybrid work in Ottawa, ON"
Data Lineage Analyst,AppTad Technologies Pvt Ltd,"Toronto, ON"
Senior Business Analyst,Ontario Health,"Hybrid work in Toronto, ON"
Research Analyst (New Grads 2024),Info-Tech Research Group Inc. - Canada,"London, ON"
"Business Intelligence, Senior Analyst",Home and Community Care Support Services,"Hybrid work in Etobicoke, ON"
Business Analyst MIS & Analytics - Tahoe,Scotiabank,"Mississauga, ON"
"Analyst, Information Systems & Knowledge Management",Fraser Health,"Surrey, BC"
Category Business Analyst ( Evergreen),Canadian Tire Corporation,"Hybrid work in Toronto, ON"
database analyst,EPIC - Educational Program Innovations Center,"Mississauga, ON"
business data analyst,Yukt Marketing INC,"Brampton, ON"
Business Analyst,LandSolutions LP,"Hybrid work in Concord, ON"
"Analyst, Information Systems & Knowledge Management",Fraser Health,"Surrey, BC"
Category Business Analyst ( Evergreen),Canadian Tire Corporation,"Hybrid work in Toronto, ON"
Business Analyst,LandSolutions LP,"Hybrid work in Concord, ON"
IT Programmer (SQL/BI),Sofina Foods Inc,"Brampton, ON"
database analyst,EPIC - Educational Program Innovations Center,"Mississauga, ON"
business data analyst,Yukt Marketing INC,"Brampton, ON"
"Data analyst, sales and customer behavior",Vosker,"Hybrid work in Montréal, QC"
Business Analyst - Senior,Dawn InfoTek Inc.,"Hybrid work in Guelph, ON"
Analyste de données / Data Analyst,Tenoris3,"Montréal, QC"
"Analyst, Underwriting",Munich Reinsurance Company of Canada,"Hybrid work in Toronto, ON"
Business Analyst,BFL CANADA,"Hybrid work in Montréal, QC"
"Business Intelligence Developer, Scotiabank",Scotiabank,"Hybrid work in Toronto, ON"
Business Intelligence Specialist,Dawn InfoTek Inc.,"Hybrid work in Toronto, ON"
DEVELOPER / DATA ANALYST,AXIS Database Marketing,"Mississauga, ON"
Business Analyst,OGGN Inc.,Remote
Business Analyst,BFL CANADA,"Hybrid work in Montréal, QC"
"Business Intelligence Developer, Scotiabank",Scotiabank,"Hybrid work in Toronto, ON"
Business Analyst,OGGN Inc.,Remote
Business Intelligence Specialist,Dawn InfoTek Inc.,"Hybrid work in Toronto, ON"
DEVELOPER / DATA ANALYST,AXIS Database Marketing,"Mississauga, ON"
Business Analyst,AutoTrader.ca,"Hybrid work in Greater Toronto Area, ON"
Intermediate Data and Security Analyst,EnGlobe Corp.,"Remote in Ottawa, ON"
Sales Analyst,Apryse,Remote in Ontario
Sr. Data Analyst (Fixed Term),Element Fleet Management,"Mississauga, ON"
Business System Analyst,Maplesoft Group,"Hybrid work in Ottawa, ON"
Business Data Analyst- Inventory Management,Crown Food Service Equipment,"North York, ON"
2024 CFO - Fall Data Analyst - Wholesale Finance Data Strategy (4 Months),Royal Bank of Canada,"Toronto, ON"
Business Analyst,Ontario SPCA and Humane Society,"Hybrid work in Stouffville, ON"
"Data Analyst, Distribution Enablement",CI Financial,"Hybrid work in Toronto, ON"
Junior Technical/ Business Analyst,Dawn InfoTek Inc.,"Hybrid work in Toronto, ON"
Sr. SEO Analyst,1Password,Remote
database analyst,ADVENT INFRATECH LIMITED,"Calgary, AB"
Medtech Analyst,Clarivate,"Toronto, ON"
information technology (IT) data analyst,AG Marketing & Development Group Inc,"Mississauga, ON"
ISL 21R - Business Analyst AMENDED,BC Public Service,"Remote in Burnaby, BC"
Asset Management Analyst,City of St. Catharines,"Hybrid work in St. Catharines, ON"
Corporate Strategy Analyst,Information Services Corporation,"Hybrid work in Regina, SK"
Investment Data Governance Analyst,Healthcare of Ontario Pension Plan (HOOPP),"Toronto, ON"
Business Analyst,CAE,"Saint-Laurent, QC"
"Business Intelligence Sales Representative, Looker",Google,"Toronto, ON"
Business Analyst,CRC,"Hybrid work in Toronto, ON"
"Process Analyst, Distribution",LCBO,"Hybrid work in Queens, PE"
Policy Analyst,Government of Saskatchewan,"Regina, SK"
Master Data Analyst,Blue Sky Resources Ltd.,"Calgary, AB"
Systems Business Analyst,Royal Bank of Canada,"Bedford, NS"
Systems Business Analyst,Royal Bank of Canada,"Bedford, NS"
Policy Analyst,Government of Saskatchewan,"Regina, SK"
Master Data Analyst,Blue Sky Resources Ltd.,"Calgary, AB"
Asset Management Consultant and Data Analyst,GEI Consultants,"Hybrid work in Stoney Creek, ON"
Toyota Product Planning Analyst,Toyota,"Hybrid work in Toronto, ON"
Business Analyst,CSI Consulting,"Mississauga, ON"
Software Quality Assurance Analyst,Colliers,"Toronto, ON"
database analyst,Be Epic Inc.,"Edmonton, AB"
"Analyst, Loyalty",Four Seasons,"Hybrid work in Toronto, ON"
Data Analyst - Analytical Laboratory,Actlabs,"Ancaster, ON"
Senior BI Data Engineer,Hard Rock Digital,Hybrid work
Agile Business Analyst,Global Excel Management,"Sherbrooke, QC"
Business Analyst (SaaS Product Management),LodgeLink,"Hybrid work in Calgary, AB"
Charity Gaming Analyst,City of Mississauga,"Mississauga, ON"
Business Analyst,CGI,"Ottawa, ON"
database analyst,Be Epic Inc.,"Edmonton, AB"
"Analyst, Loyalty",Four Seasons,"Hybrid work in Toronto, ON"
Data Analyst - Analytical Laboratory,Actlabs,"Ancaster, ON"
Senior BI Data Engineer,Hard Rock Digital,Hybrid work
Agile Business Analyst,Global Excel Management,"Sherbrooke, QC"
Business Analyst,CGI,"Ottawa, ON"
Business Analyst (SaaS Product Management),LodgeLink,"Hybrid work in Calgary, AB"
Charity Gaming Analyst,City of Mississauga,"Mississauga, ON"
Business Analyst,AlertDriving,"Toronto, ON"
Market Research Analyst,City of Regina,"Hybrid work in Regina, SK"
Business Intelligence Analyst,OSL Retail Services Inc,"Mississauga, ON"
Senior Business Data Analyst (12-16 month term),Alberta Motor Association,"Remote in Edmonton, AB"
Business Analyst,HTS Engineering - Heat Transfer Solutions,"Hybrid work in Toronto, ON"
Supply Chain Business & Data Analyst,Unity Health Toronto,"Toronto, ON"
Business Analyst and Project Support,PHSA,"Vancouver, BC"
"Business Analyst, Operations, Program Management, RDS",PHSA,"Vancouver, BC"
Senior Business Analyst,Providence Healthcare,"Vancouver, BC"
Business Intelligence Developer,TS Imagine,"Montréal, QC"
Senior Business Analyst,Scotiabank,"Toronto, ON"
"Manager, Business Intelligence & Analytics - Canadian Business Banking",Scotiabank,"Toronto, ON"
database analyst,Tian Bao Travel Ltd.,"Richmond Hill, ON"
Business Analyst,MGIS,"Ottawa, ON"
database analyst,AUREUS INFOTECH INC,"Brampton, ON"
Junior Business Analyst,Norsat International Inc.,"Richmond, BC"
Business Systems Analyst,StandardFusion,"Vancouver, BC"
MDM Business Analyst,hire IT people,"Toronto, ON"
Business Data Analyst - New Division,Breakthru Beverage Group,"Toronto, ON"
Business Analyst ( Data Mining ),Atlantis IT group,"Toronto, ON"
Research Analyst,iData Research,"Burnaby, BC"
business data analyst,Edgerise Consulting INC.,"Kitchener, ON"
MDM Business Analyst,hire IT people,"Toronto, ON"
Business Data Analyst - New Division,Breakthru Beverage Group,"Toronto, ON"
business data analyst,Edgerise Consulting INC.,"Kitchener, ON"
Business Analyst ( Data Mining ),Atlantis IT group,"Toronto, ON"
Research Analyst,iData Research,"Burnaby, BC"
Senior Analyst Performance,Canadian Security Intelligence Service,"Ottawa, ON"
database analyst,ZOMI Technology Ltd.,"Vancouver, BC"
Performance Analyst,People Corporation,"Winnipeg, MB"
marketing analytics analyst,BioAro Inc.,"Calgary, AB"
Change Analyst,Aviva,"Hybrid work in Toronto, ON"
"analyst, database",Aarorn Technologies Inc.,"Guelph, ON"
Business Analyst,PHSA,"Vancouver, BC"
Amanda Business Analyst,Thoughtstorm,"Remote in Winnipeg, MB"
Accounts Receivable (A/R) Analyst (6-month Contract) (Hybrid),Broadridge,"Toronto, ON"
"Wind Energy Analyst, Renewable Energy",WSP,"Edmonton, AB"
Sales and Purchasing Data Analyst,Avmax Careers - Canada,"Calgary, AB"
"Analyst, Business Intelligence",EspaceProprio,"Hybrid work in Lévis, QC"
"Fall 2024 Capital Markets, Data & Reporting Analyst",BMO Financial Group,"Toronto, ON"
database analyst (DBA),BioAro Inc.,"Calgary, AB"
database analyst,Canpro Consulting Inc.,"Surrey, BC"
Underwriting Analyst,Workers' Compensation Board- Alberta,"Hybrid work in Edmonton, AB"
Health Information Analyst,St. Mary’s General Hospital,"Hybrid work in Kitchener, ON"
Lead Technical Data Analyst - Data Warehouse Services,Aylo Careers,"Montréal, QC"
Senior Data Analyst / Database developer (PL571),Paralucent,"Hybrid work in Toronto, ON"
Settlement Analyst,Rodan Energy Solutions Inc.,"Mississauga, ON"
Compensation Research Analyst - Provincial,Nova Scotia Health Authority,"Halifax, NS"
"Sr. Analyst, Staples Preferred Program",Staples,"Richmond Hill, ON"
Business Intelligence Manager,Saxxunderwear,Remote
Senior Business Systems Analyst,CIBC,"Toronto, ON"
Senior Business Analyst - Strategy and Analytics,Capital One,"Hybrid work in Toronto, ON"
Traffic Data Analyst,Halifax Regional Municipality,"Dartmouth, NS"
Quality Assurance Analyst,Teleperformance,"Toronto, ON"
"Business Analyst, SQL and Google Cloud",TELUS,"Remote in Toronto, ON"
Senior Risk Analyst (Credit Risk),Lightspeed,"Toronto, ON"
Power BI Consultant,Jump Analytics,"Toronto, ON"
Senior Business Analyst,Fraser Health,"Surrey, BC"
database analyst,A2Z Networks Inc,"Burnaby, BC"
database analyst,Nautical Consulting Group Ltd.,"Surrey, BC"
big data analyst,FULLAND Logistics Ltd.,"Concord, ON"
Clinical Research Analyst,University Health Network,"Princess Margaret, ON"
Consultant / Economic Analyst,OVMA,"Hybrid work in Milton, ON"
Actuarial Analyst,THE EMPIRE LIFE INS. CO,"Remote in Kingston, ON"
Senior BI Engineer,Parallels,"Montréal, QC"
"Supply Chain Data and Analytics Analyst IV (Hybrid: Calgary, AB) - Hybrid",Enbridge Contingent Talent Community,"Hybrid work in Calgary, AB"
"Senior Analyst - Live Service, The Sims™",Electronic Arts,"Vancouver, BC"
"Analyst, Business Systems",University of the Fraser Valley,"Abbotsford, BC"
Business Analyst,n! biomachines Ltd.,"Burlington, ON"
Actuarial Analyst - Risk Management,Berkshire Hathaway Group Reinsurance Division,"Toronto, ON"
Senior Policy Analyst,Government of Alberta,"Edmonton, AB"
Business System Analyst (Contract),Intelliware Development Inc.,"Hybrid work in Toronto, ON"
database analyst,Meta Connections Inc.,"Chilliwack, BC"
Senior Business Analyst - BC Cancer - Vancouver,PHSA,"Vancouver, BC"
Analyst/Administrative Assistant,Vancouver Coastal Health,"Richmond, BC"
"Strategic Analyst, Business Development, Oil, and Gas and Energy Markets",Alberta Petroleum Marketing Commission,"Hybrid work in Calgary, AB"
Intermediate Business Analyst,Home Trust Company,"Toronto, ON"
"Analyst, Product Management - ASG",CIBC,"Toronto, ON"
"Senior Analyst, Underwriting",CIBC,"Hybrid work in Toronto, ON"
"Senior Analyst, Business Initiatives & Analyst, JFL",Jarislowsky Fraser,"Toronto, ON"
Business Analyst 0107-0915,Foilcon,"Guelph, ON"
Data Analyst,Cascades,"Saint-Bruno-de-Montarville, QC"
"analyst, database",A.P.H INTERNATIONAL LTD.,"Mississauga, ON"
Senior Application and Database Analyst,The Conference Board of Canada,Remote in Ontario
STATISTICAL ANALYST (II),McMaster University,"Hybrid work in Hamilton, ON"
Research Analyst,"Blake, Cassels & Graydon LLP","Hybrid work in Toronto, ON"
Chief Business Analyst,National Bank of Canada,"Hybrid work in Montréal, QC"
database analyst,FINXSYSTEMS TECHNOLOGY INC.,"Surrey, BC"
Data Analyst,Solution SFT,"Hybrid work in Saint-Laurent, QC"
Evaluation Analyst,Michael Smith Health Research BC,"Hybrid work in Vancouver, BC"
Workforce Analyst,Aviva,"Hybrid work in Markham, ON"
Senior BI Developer/Analyst,Colliers,"Toronto, ON"
Business Intelligence Engineer,British Columbia Investment Management Corporation...,"Victoria, BC"
Power Business Intelligence Developer,Fix Network,"Hybrid work in Burnaby, BC"
Data Analyst - KENWAVE SOLUTIONS INC.,Kenaidan,"Greater Toronto Area, ON"
Market Research & Budget Analyst,KIA CANADA INC,"Mississauga, ON"
Senior Data Analyst,Olsen Consulting,"Calgary, AB"
Senior BI Developer/Analyst,Colliers,"Toronto, ON"
Business Intelligence Engineer,British Columbia Investment Management Corporation...,"Victoria, BC"
Power Business Intelligence Developer,Fix Network,"Hybrid work in Burnaby, BC"
Senior Data Analyst,Olsen Consulting,"Calgary, AB"
Data Analyst - KENWAVE SOLUTIONS INC.,Kenaidan,"Greater Toronto Area, ON"
Market Research & Budget Analyst,KIA CANADA INC,"Mississauga, ON"
Senior Business Analyst,ThoughtStorm Inc,"Halifax, NS"
Business Analyst,Canada-West Assurance,"Winnipeg, MB"
"Senior Analyst, Market Risk",BMO Financial Group,"Toronto, ON"
Senior Business Data Analyst,Docebo,"Hybrid work in Toronto, ON"
Senior Business Analyst - Tangerine,Tangerine,"Remote in Toronto, ON"
business data analyst,Mech Solutions Ltd,"Markham, ON"
SPC Data Analyst,Magellan Aerospace,"Winnipeg, MB"
IM Business Analyst,Messa,"Ottawa, ON"
Data Management Analyst (1 year contract),Stella-Jones Inc.,"Montréal, QC"
database analyst,R.E. ROYAL TRADING INC.,"Concord, ON"
Technology and Insight Analyst,Aviva,"Markham, ON"
Analyst HR Analytics 18 months contract,Sobeys,"Dartmouth, NS"
Airbus Canada - Analyste de données / Data Analyst,Airbus,"Mirabel, QC"
Senior Business Analyst – Information Technology,Alberta Blue Cross,Remote
"GIS Analyst, Backend Developer",fliteX,"Oshawa, ON"
Business Analyst - Mental Health and Substance Use Services,Fraser Health,"Surrey, BC"
IT Business Analyst – Allegro & Power & Natural Gas,Trafigura,"Calgary, AB"
Business Analyst (Amdocs Ensemble Billing/MPS/CSM Experience Mandatory),Zenith System Solutions Inc.,"Toronto, ON"
artificial intelligence (AI) analyst,Airy3D Inc.,"Montréal, QC"
Senior Program Business Analyst,Ministry of Public and Business Service Delivery,"Toronto, ON"
Quality Assurance Analyst,Payworks Inc.,"Hybrid work in Winnipeg, MB"
Service Management/Policy Business Analyst,Ministry of Natural Resources and Forestry,"Peterborough, ON"
Senior Business Analyst,eHealth Saskatchewan,Saskatchewan
Community Partnership Analyst,Halton Region,"Hybrid work in Halton, ON"
Business Analyst - Mental Health and Substance Use Services,Fraser Health,"Surrey, BC"
IT Business Analyst – Allegro & Power & Natural Gas,Trafigura,"Calgary, AB"
Business Analyst (Amdocs Ensemble Billing/MPS/CSM Experience Mandatory),Zenith System Solutions Inc.,"Toronto, ON"
artificial intelligence (AI) analyst,Airy3D Inc.,"Montréal, QC"
Senior Program Business Analyst,Ministry of Public and Business Service Delivery,"Toronto, ON"
Quality Assurance Analyst,Payworks Inc.,"Hybrid work in Winnipeg, MB"
Community Partnership Analyst,Halton Region,"Hybrid work in Halton, ON"
Service Management/Policy Business Analyst,Ministry of Natural Resources and Forestry,"Peterborough, ON"
Senior Business Analyst,eHealth Saskatchewan,Saskatchewan
database analyst,Minestar GP Ltd,"Millet, AB"
"Health Care Business Analyst - Halifax, NS",Hashmap,"Halifax, NS"
Intermediate Geoscience Data Analyst,MineSense,"Hybrid work in Vancouver, BC"
database analyst,Analyst Technical Solutions Ltd,"Surrey, BC"
Senior Benefits Analyst,Greenshield Holdings,"Hybrid work in Montréal, QC"
"Senior IT Business Analyst (MFE Data & Insights) - Mississauga, CAD- w2",Techprism.inc,"Mississauga, ON"
"2024 CFO, Fall Data Analyst, Financial Resource Optimization (8 Months)",Royal Bank of Canada,"Toronto, ON"
Analyst - Decision Support,Orillia Soldiers' Memorial Hospital,"Orillia, ON"
"Senior Data Analyst, ITS",Geotab,"Oakville, ON"
"Senior Analyst, Health Workforce Information, Data Methods and Tools",Canadian Institute for Health Information,"Ottawa, ON"
Senior Revenue Strategy Analyst,1Password,Remote
Data Warehouse Analyst,Zero11,"Abbotsford, BC"
"Senior Retail Analyst, Insights",Arc'teryx,"North Vancouver, BC"
Senior Pension Business Analyst (Remote),Avenu Insights & Analytics,"Remote in Mississauga, ON"
Sr. Business Analyst,Loblaw Companies Limited,"Brampton, ON"
Payroll Data Analyst - Dayforce implementation- 1 Year...,Trevor Frances Recruitment,"Hybrid work in Aurora, ON"
"Research Analyst, Brand Health Tracking",Ipsos Zrt.,"Vancouver, BC"
Business Process Analyst,Canada Computers Inc.,"Richmond Hill, ON"
Business Systems Analyst,College of Registered Nurses of Manitoba (CRNM),"Hybrid work in Winnipeg, MB"
database analyst,Flyinger Solutions Ltd.,"Toronto, ON"
"Senior Analyst, Systems & Quality",Canadian Mental Health Association,"Calgary, AB"
"Analyst, Merchant Pricing",Amex,"Toronto, ON"
IT Controls & Compliance Analyst – Information Technology,Alberta Blue Cross,Remote
"Business Analyst, Merchandising",Pet Valu,"Markham, ON"
Systems Analyst (IT),Metergy Solutions Inc.,"Hybrid work in Markham, ON"
Actuarial Analyst (Co-op Student) (Hybrid),Ontario Pension Board,"Toronto, ON"
Strategic Risk Growth Analyst,Vault Credit Corporation,"Hybrid work in Toronto, ON"
Analyst (Hybrid Role),Tjene Corp,"Toronto, ON"
Sr. Data Analyst (Renal & Oncology Program),Michael Garron Hospital,"Toronto, ON"
Business Analyst,Vantix Systems Inc,"Edmonton, AB"
Analyst,Charger Logistics Inc,"Brampton, ON"
Business Systems Analyst & Coordinator,University of Toronto,"Toronto, ON"
Forecast Business Analyst,Scarsin,"Uxbridge, ON"
"Analyst, Life Cycle",City of Ottawa,"Ottawa, ON"
Senior Laboratory Analyst (Inventory) ***Amendment to salary range,Canadian Food Inspection Agency,"Winnipeg, MB"
"Analyst, Digital Advisory Federal Government",MNP,"Ottawa, ON"
Analyst,Charger Logistics Inc,"Brampton, ON"
Business Systems Analyst & Coordinator,University of Toronto,"Toronto, ON"
Forecast Business Analyst,Scarsin,"Uxbridge, ON"
"Analyst, Digital Advisory Federal Government",MNP,"Ottawa, ON"
"Analyst, Life Cycle",City of Ottawa,"Ottawa, ON"
Senior Laboratory Analyst (Inventory) ***Amendment to salary range,Canadian Food Inspection Agency,"Winnipeg, MB"
IT Business Analyst,Spark Power,"Oakville, ON"
Business Intelligence and Data Analytics Developer,Olsen Consulting,"Calgary, AB"
Senior Data Analyst,Vantix Systems Inc,"Remote in Edmonton, AB"
information systems business analyst,Emerald Financial,"Beaumont, AB"
Technical Analyst - IT Fire Systems (Business Analyst 2),City of Burnaby,"Burnaby, BC"
Senior Data Analyst,Build Measure Learn Sweden AB,"Engineer, BC"
IT (information technology) business analyst,KDigitalLabs INC,"Toronto, ON"
Senior Business Analyst,Solutions Petal Inc.,Hybrid work
"ENROLMENT ANALYST, ADMINISTRATION SOLUTIONS",Green Shield,"Windsor, ON"
Senior Data Analyst,Build Measure Learn Sweden AB,"Engineer, BC"
"ENROLMENT ANALYST, ADMINISTRATION SOLUTIONS",Green Shield,"Windsor, ON"
IT (information technology) business analyst,KDigitalLabs INC,"Toronto, ON"
Senior Data and Business Intelligence Engineer,Colliers,"Toronto, ON"
"Analyst, International Real Estate Valuation",Altus Group,"Halifax, NS"
Senior Strategic Analyst,National Research Council Canada,"Ottawa, ON"
Senior Gaming Business Data Analyst,BlazeSoft,"Concord, ON"
Upcoming: Murex Back Office Business Analyst,Bounteous,Canada
Business Systems Analyst (Enterprise Applications),City of London,"London, ON"
data analyst - informatics and systems,Colours of Punjabi Event Organization Inc.,"Surrey, BC"
Payments Business Analyst (SWIFT/ISO20022),CGI,"Hybrid work in Toronto, ON"
Supply Chain Analyst,Cavendish Farms,"Hybrid work in Dieppe, NB"
Business Analyst,JDI IT,"Saint John, NB"
"Senior Business Systems Analyst, Workday",The Salvation Army Canada and Bermuda,"Toronto, ON"
"Sr. Research Analyst, Future of Work (13 month contract)","International Data Group, Inc.","Hybrid work in Toronto, ON"
"Category Analyst, Consumables",Pet Valu,"Markham, ON"
Pricing Intelligence Analyst,SYSCO FOOD SERVICES,"Remote in Boucherville, QC"
Sr. BI & Analytics Specialist,Federated Co-operatives Limited,"Saskatoon, SK"
Operations Business Analyst,Dawn InfoTek Inc.,"Hybrid work in Toronto, ON"
Business Analyst - Product Strategy (Hybrid),"Prophix Software, Inc.","Mississauga, ON"
business data analyst,Phase Connect Ltd,"Richmond, BC"
Marketing Analyst (Summer Contract),Baker Tilly Canada,"Windsor, ON"
Investment Analyst (Real Estate),Boardwalk,"Calgary, AB"
Business Intelligence Architect,AlertDriving,"North York, ON"
Business Insights Analyst,Syngenta Crop Protection,"Calgary, AB"
Pavement Analyst - Infrastructure Management & Pavement Engineering,Stantec,"Waterloo, ON"
"Senior Treasury Analyst (Virtual, Canada)",SIRVA,"Remote in Mississauga, ON"
business data analyst,Sodales Solutions Inc,"Toronto, ON"
"Analyst, Business Operations",AppLovin,"Toronto, ON"
business systems analyst,BHC Canada Inc,"Oakville, ON"
Scrum Master/Business Analyst,GHD,"Toronto, ON"
Variable Data Programmer - Analyst,Formost mediaOne,"Brampton, ON"
Agricultural Statistical Analyst,Egg Farmers of Canada,"Hybrid work in Ottawa, ON"
"Analyst, Consulting - Performance Improvement & Operational Excellence (May or September 2025 Start Date)",mnp,"Toronto, ON"
Quality Analyst,Segula Technologies,"Windsor, ON"
Senior Business Analyst,Macadamian,"Remote in Gatineau, QC"
Business Technology Analyst - OpenRoad Head Office,OpenRoad Auto Group,"Richmond, BC"
"Business Analyst, Product Management (Askuity Division)",The Home Depot Canada,"Toronto, ON"
"Remote Bilingual Fraud Analyst, Contact Center (French/English)",Banque de Montréal,"Remote in Quebec City, QC"
Corporate Asset Management Analyst,City of Kingston,"Kingston, ON"
Business Analyst,Cargojet Airways LTD.,"Mississauga, ON"
Business Analyst (12 Month Contract),Flinks,"Remote in Toronto, ON"
Business Analyst,InSync,"Calgary, AB"
database analyst (DBA),Nimbus Distro,"Scarborough, ON"
business data analyst,FRIENDS FREIGHTLINES INC,"Brampton, ON"
Marketing Analyst,Skyservice Business Aviation,"Mississauga, ON"
Sr. Business Systems Analyst,La-Z-Boy,"Hybrid work in Headquarters, BC"
Upcoming: Murex Front Office Business Analyst,Bounteous,Canada
Operations Analyst - Flow,Vancouver Airport Authority,"Vancouver, BC"
"business analyst, informatics",Sparrow Acoustics Inc,"Lucasville, NS"
"Technical Business Analyst, Capital Markets Technology, eFX",Scotiabank,"Toronto, ON"
market research analyst,Oppein Cabinetry,"Etobicoke, ON"
Compensation Analyst - 1 year contract,"Raymond James Financial, Inc.","Toronto, ON"
Analyst Compensation,Purolator,"Mississauga, ON"
Business Analyst - Capital Markets,Dawn InfoTek Inc.,"Hybrid work in Toronto, ON"
systems QA (quality assurance) analyst,Almon Consulting Company,"Mississauga, ON"
Analyste de données senior - Senior data analyst,Gameloft Montréal,"Montréal, QC"
"Analyst, Business, Loyalty & Consumer Insights",Shoppers Drug Mart / Pharmaprix,"Toronto, ON"
Senior Business Analyst,Aptos LLC,"Remote in Montréal, QC"
"Senior Analyst, Business & Customer Insights",Loblaw Companies Limited,"Brampton, ON"
systems QA (quality assurance) analyst,Almon Consulting Company,"Mississauga, ON"
Analyste de données senior - Senior data analyst,Gameloft Montréal,"Montréal, QC"
Senior Credit Analyst,Liebherr-Canada Ltd.,"Hybrid work in Burlington, ON"
"Senior Analyst, Business & Customer Insights",Loblaw Companies Limited,"Brampton, ON"
"Analyst, Business, Loyalty & Consumer Insights",Shoppers Drug Mart / Pharmaprix,"Toronto, ON"
Senior Business Analyst,Aptos LLC,"Remote in Montréal, QC"
"Technical Business Analyst, Capital Markets Technology",Scotiabank,"Toronto, ON"
"Senior Analyst, Data & Analytics - Data Technical Lead",Air Canada,"Dorval, QC"
Intermediate ITSM Analyst - Platform Management,BC Financial Services Authority,"Hybrid work in Vancouver, BC"
QA Analyst II,Vertafore,"Montréal, QC"
Distribution & Geospatial Intelligence Analyst Intern/Co-op (FALL 2024),TD Bank,"Toronto, ON"
IT (information technology) business analyst,Marshall IT Services Ltd.,"Calgary, AB"
marketing analyst,Hire Hub Placement Agency,"Edmonton, AB"
"Senior Analyst, Population Health",Canadian Institute for Health Information,"Ottawa, ON"
BI Technical Team Lead,FortisBC,"Surrey, BC"
"Technical Business Analyst, Capital Markets Technology",Scotiabank,"Toronto, ON"
"Senior Analyst, Data & Analytics - Data Technical Lead",Air Canada,"Dorval, QC"
Intermediate ITSM Analyst - Platform Management,BC Financial Services Authority,"Hybrid work in Vancouver, BC"
QA Analyst II,Vertafore,"Montréal, QC"
Distribution & Geospatial Intelligence Analyst Intern/Co-op (FALL 2024),TD Bank,"Toronto, ON"
IT (information technology) business analyst,Marshall IT Services Ltd.,"Calgary, AB"
BI Technical Team Lead,FortisBC,"Surrey, BC"
marketing analyst,Hire Hub Placement Agency,"Edmonton, AB"
"Senior Analyst, Population Health",Canadian Institute for Health Information,"Ottawa, ON"
Supply Chain Replenishment Analyst,Staples,"Richmond Hill, ON"
"Business Analyst, Technology (Salesforce Marketing Cloud/CRM)",Arc'teryx,"North Vancouver, BC"
Business Analyst - Senior,Arthur Grand Technologies Inc,"Guelph, ON"
big data analyst,Mehome Real Estate Services Inc.,"Richmond, BC"
Business System Analyst,Atlantis IT group,"Toronto, ON"
business intelligence analyst - Information technology (IT),Administration portuaire de Trois-Rivières,"Trois-Rivières, QC"
Business Insights Analyst,Acosta,"Mississauga, ON"
Wealth Automation Change Analyst Intern/Co-op (Fall 2024),TD Bank,"Toronto, ON"
Production Control Analyst,ABC Technologies,"Windsor, ON"
Access Utilization Analyst (PowerBI),SYSTRA,"Toronto, ON"
Merchandising Analyst,Sporting Life Inc,"Woodbridge, ON"
IT Business Analyst,Redpath Mining,"Vaughan, ON"
Oncology Clinical Informatics Analyst,Southlake Regional Health Centre,"Newmarket, ON"
Business Performance Analyst,Irving Shipbuilding,"Halifax, NS"
"Project Controls Analyst / Reporting Analyst - Metrolinx, Ontario Line",Bantrel,"Toronto, ON"
System Integration Analyst,MetaFactor,"Calgary, AB"
business systems analyst,KIDS VALLEY DAYCARE & OSC,"Leduc, AB"
"Business Analyst, Product Support",CI Financial,"Hybrid work in Toronto, ON"
Pendo Analyst,Caret,"Remote in Toronto, ON"
METER DATA MANAGEMENT ANALYST / Independent Electricity System Operator,The MEARIE Group,"Hybrid work in Toronto, ON"
"Business Analyst, Sales & Operations",Intelligent Fabric Technologies (North America),"Hybrid work in Unionville, ON"
business process analyst,BSG Infotech Solutions,"Toronto, ON"
Business Analyst - Capital Market,Skill Bird LLC,"Hybrid work in Toronto, ON"
Application/Infrastructure Support Analyst - DCIM,Royal Bank of Canada,"Toronto, ON"
"Risk Analyst, Market Risk",ATB Financial,"Hybrid work in Calgary, AB"
database analyst,Hegzgroup Inc.,"Calgary, AB"
Technical Business Systems Analyst - (Hybrid - Toronto),CAPCO,"Toronto, ON"
"Strategy & Operations Analyst, Capital IQ Solutions",S&P Global,"Toronto, ON"
Business Analyst - Senior Cybersecurity Advisor IAM,CTConsultants,"Remote in Montréal, QC"
Senior Business Analyst - Digital Performance,National Bank of Canada,"Hybrid work in Montréal, QC"
Business Analyst (2-year contract),Medline Industries Inc,"Vancouver, BC"
Principal Analyst,Office of the Superintendent of Financial...,"Toronto, ON"
Failure Analyst,Geotab,"Oakville, ON"
Business System Analyst,APITable Ltd.,"Hybrid work in Markham, ON"
ERP Business System Analyst,ATS Corporation,"Cambridge, ON"
Senior Servicing Analyst,BMO Financial Group,"Montréal, QC"
Chargeback Dispute Analyst,Plusgrade,"Hybrid work in Toronto, ON"
Business Systems Analyst,Lordco Parts Ltd.,"Port Coquitlam, BC"
IT (information technology) business analyst,ACCELARIS GROUP INC,"Mississauga, ON"
business systems analyst,Pragra Incorporated,"Brampton, ON"
Revenue Operations Analyst / Data Specialist - FS323,Fresche Solutions,"Montréal, QC"
Wildlife Research Analyst,Ministry of Natural Resources and Forestry,"Thunder Bay, ON"
"Senior Analyst/Manager, Risk Management",Crypto.com,Remote
Head of Data Analytics and Business Intelligence North America,ZEISS Group,"Hybrid work in Toronto, ON"
Senior Business Intelligence Engineer - EA FC (Temporary Full Time),Electronic Arts,"Vancouver, BC"
Accounting Analyst,Schindler,"Toronto, ON"
Database Administrator Analyst,Havergal College,"Toronto, ON"
Inventory Data Analyst,Bombardier,"Dorval, QC"
HRIS Analyst (Edmonton),Go Auto,"Edmonton, AB"
Business System Analyst with Payments and Payplus experience 10+Year,epsilonsolutions,"Toronto, ON"
Staff Data Analyst (Product Analytics),Match Group,"Hybrid work in Vancouver, BC"
HRIS Analyst (Edmonton),Go Auto,"Edmonton, AB"
Business System Analyst with Payments and Payplus experience 10+Year,epsilonsolutions,"Toronto, ON"
"Business Intelligence Partner, Regular Full Time, Labelle",Home and Community Care Support Services Champlain,"Ottawa, ON"
Senior Health and Benefits Analyst,WTW,"Calgary, AB"
Research Analyst,Atlohsa,"London, ON"
data analyst - informatics and systems,Snaplii Inc.,"Mississauga, ON"
"Senior Analyst, Business Intelligence",Bell Media,"Montréal, QC"
Transportation Freight Analyst,LCBO,"Hybrid work in Toronto, ON"
Analyst - Master Data Management (temporary 13 months),Resolute Forest Products,"Montréal, QC"
database analyst,Goldenhome Cabinetry Eastern Canada Inc.,"Aurora, ON"
Payments Business Analyst,Lightspeed Commerce,"Montréal, QC"
Commercial Analyst,Calea Ltd.,"Toronto, ON"
"Research Analyst, Brand Health Tracking",Ipsos,"Vancouver, BC"
Ingenium Software Business Analyst,DXC Technology,Ontario
"Analyst II, Quality Control Raw Materials",Resilience,"Mississauga, ON"
Capgemini Invent - SQL Server / Azure Data Analyst,Capgemini,"Vancouver, BC"
"Senior Consultant, Business Intelligence",Carpedia International,"Toronto, ON"
Senior Business Analyst,Royal Bank of Canada,"Toronto, ON"
Senior Analyst - Corporate Development,Corus Orthodontists,"Calgary, AB"
Senior Quantitative Equity Analyst – Alternative Data,"Connor, Clark & Lunn Financial Group","Vancouver, BC"
Implementation Services Analyst - T2200-29-P,GS1 Canada,"Hybrid work in North York, ON"
Senior Business Analyst (Pricing and Product Catalog) - Telco Industry,Zenith System Solutions Inc.,"Toronto, ON"
Business Analyst,PixMob,"Montréal, QC"
Jr. Global Sourcing Analyst,Trojan Technologies,"London, ON"
MONTREAL [HYBRIDE] - Application Support Analyst (intermediate),Quanteam North America,"Hybrid work in Montréal, QC"
business systems analyst,RYAN ESAFE IT SOLUTIONS INC.,"Milton, ON"
IT Business Analyst,Nortera,"Brossard, QC"
Principal Bioinformatics Analyst - REMOTE,Revvity,Remote in Ontario
Business Analyst - Information Technology Systems and Services,University of Prince Edward Island,"Charlottetown, PE"
Network Analyst,Corus Entertainment,"Toronto, ON"
Pricing & Revenue Management Analyst,Lassonde,"Toronto, ON"
business systems analyst,CODE MINDS INC.,"Calgary, AB"
Sales/Category Analyst,The PUR Company Inc.,"Toronto, ON"
Researcher/Analyst I - Social Development (Maternity Leave Coverage),Federation of Sovereign Indigenous Nations,"Saskatoon, SK"
Supply Chain Sr Analyst,McCain Foods (Canada),"Toronto, ON"
Capital Markets Analyst,Rocket Mortgage Canada,"Windsor, ON"
"Analyst, Revenue Management and Pricing",Advantage Group International,"Hybrid work in Toronto, ON"
Operations and Portfolio Alignment Analyst - Deloitte Global Technology,Deloitte,"Hybrid work in Toronto, ON"
Expert Data Warehouse / Data Engineer / Data Analyst (m/w/d),THIMM Group GmbH + Co. KG,"Engineer, BC"
Senior IMatch Operations Support Analyst,BMO Financial Group,"Toronto, ON"
Loss Prevention Fraud Analyst,TJX Canada,"Mississauga, ON"
Sr. Business Information Analyst,Sagen,"Oakville, ON"
Supply Chain Replenishment Analyst,Loblaw Companies Limited,"Cambridge, ON"
Change Management Analyst,Score Media and Gaming Inc.,"Remote in Toronto, ON"
Loss Prevention & Operations Analyst,Solink,"Remote in Kanata, ON"
Researcher/Analyst I - Social Development (Maternity Leave Coverage),Federation of Sovereign Indigenous Nations,"Saskatoon, SK"
Supply Chain Sr Analyst,McCain Foods (Canada),"Toronto, ON"
Capital Markets Analyst,Rocket Mortgage Canada,"Windsor, ON"
"Analyst, Revenue Management and Pricing",Advantage Group International,"Hybrid work in Toronto, ON"
Operations and Portfolio Alignment Analyst - Deloitte Global Technology,Deloitte,"Hybrid work in Toronto, ON"
Expert Data Warehouse / Data Engineer / Data Analyst (m/w/d),THIMM Group GmbH + Co. KG,"Engineer, BC"
Senior IMatch Operations Support Analyst,BMO Financial Group,"Toronto, ON"
Loss Prevention Fraud Analyst,TJX Canada,"Mississauga, ON"
Sr. Business Information Analyst,Sagen,"Oakville, ON"
Loss Prevention & Operations Analyst,Solink,"Remote in Kanata, ON"
Supply Chain Replenishment Analyst,Loblaw Companies Limited,"Cambridge, ON"
Change Management Analyst,Score Media and Gaming Inc.,"Remote in Toronto, ON"
VIE - Business Analyst (M/F/D),Air Liquide,"Mississauga, ON"
"Full-Time Purchaser-Inventory Analyst - Burnside, NS",Payzant Building Products Ltd.,"Dartmouth, NS"
marketing analyst,GELDA SCIENTIFIC & INDUSTRIAL DEVELOPMENT CORP.,"Mississauga, ON"
"Principal Consultant, Business System Analyst",Genpact,"Montréal, QC"
Global Benefits Claims Analyst,Aon Corporation,"Montréal, QC"
Market Research Analyst,Fidelity Investments,"Toronto, ON"
"Business Analyst, Sales",Joseph Ribkoff,"Montréal, QC"
Senior Revenue Operations Analyst - Toronto (hybrid work),Rewind Software,"Hybrid work in Toronto, ON"
"202404-3113 - Director, Finance and Business Intelligence",Workplace Safety & Prevention Services,Remote
Inventory Analyst,Dart Aerospace,"Hybrid work in Saint-Laurent, QC"
Research & Innovation Business Analyst,BC Centre for Excellence in HIV/AIDS,"Vancouver, BC"
business systems analyst,Zortech Solutions Inc.,"Mississauga, ON"
HRIS Analyst,EMCO Corporation,"London, ON"
Business Transformation and Automation Analyst,Buckland,Remote
Senior Systems/Data Analyst,Mackenzie Financial Corporation,"Hybrid work in Toronto, ON"
Logistic Engineering Analyst,The Group Master,"Vaughan, ON"
Epic Hospital Billing Analyst,University Health Network,"Princess Margaret, ON"
IT (information technology) business analyst,NGIT Services Inc,"Regina, SK"
Master Data Management Analyst,Metrie,"Hybrid work in Vancouver, BC"
Senior IT Business Analyst,Masco Canada,"St. Thomas, ON"
Operations Analyst,Intelcom,"Montréal, QC"
"Principal Consultant, Business System Analyst",Genpact,"Montréal, QC"
Global Benefits Claims Analyst,Aon Corporation,"Montréal, QC"
Market Research Analyst,Fidelity Investments,"Toronto, ON"
"Business Analyst, Sales",Joseph Ribkoff,"Montréal, QC"
Senior Revenue Operations Analyst - Toronto (hybrid work),Rewind Software,"Hybrid work in Toronto, ON"
"202404-3113 - Director, Finance and Business Intelligence",Workplace Safety & Prevention Services,Remote
Inventory Analyst,Dart Aerospace,"Hybrid work in Saint-Laurent, QC"
Research & Innovation Business Analyst,BC Centre for Excellence in HIV/AIDS,"Vancouver, BC"
business systems analyst,Zortech Solutions Inc.,"Mississauga, ON"
Business Transformation and Automation Analyst,Buckland,Remote
Senior Systems/Data Analyst,Mackenzie Financial Corporation,"Hybrid work in Toronto, ON"
HRIS Analyst,EMCO Corporation,"London, ON"
Inventory Analyst,Dart Aerospace,"Hybrid work in Saint-Laurent, QC"
Research & Innovation Business Analyst,BC Centre for Excellence in HIV/AIDS,"Vancouver, BC"
business systems analyst,Zortech Solutions Inc.,"Mississauga, ON"
HRIS Analyst,EMCO Corporation,"London, ON"
Business Transformation and Automation Analyst,Buckland,Remote
Senior Systems/Data Analyst,Mackenzie Financial Corporation,"Hybrid work in Toronto, ON"
IT (information technology) business analyst,NGIT Services Inc,"Regina, SK"
Logistic Engineering Analyst,The Group Master,"Vaughan, ON"
Epic Hospital Billing Analyst,University Health Network,"Princess Margaret, ON"
Head of Business Intelligence,Accentio Group,"Toronto, ON"
Accounts Receivable Cash Application Analyst,EMCO Corporation,"London, ON"
Senior Actuarial Analyst,LifeWorks,"Halifax, NS"
Quality Assurance & Regulatory Affairs Analyst,Intellijoint Surgical,"Hybrid work in Kitchener, ON"
Trust Business Intelligence Lead,Autodesk,"Toronto, ON"
Business Intelligence 7234-2111,Foilcon,"Toronto, ON"
database analyst,Monterra Projects Ltd.,"Courtenay, BC"
business systems analyst,QUANTAM SOFTWARE APPLICATION SERVICES LTD.,"Calgary, AB"
market research analyst,Super Discount City Markham INC,"Hamilton, ON"
database analyst,KONECT NLP AI INC.,"Surrey, BC"
"Doctor Preference Card (DPC) Clerk/Inventory Analyst, Operating Room - Ridge Meadows Hospital (RMH)",Fraser Health,"Maple Ridge, BC"
Risk Management & Business Reporting Analyst,AtkinsRéalis,"Mississauga, ON"
Power BI Developer 7226-1510,Foilcon,"Toronto, ON"
Supply Chain Analyst,ITN Food Corporation,"Vaughan, ON"
database analyst,WS & Company Ltd.,"Scarborough, ON"
"Business and Contract Management Analyst, Business Initiatives",Vancouver Coastal Health,"Vancouver, BC"
HRIS ANALYST,MSC - Mediterranean Shipping Company,"Montréal, QC"
Programmer Analyst,Pollard Banknote Limited,"Winnipeg, MB"
Velocity - Business Analyst Internship/Co-Op - Fall 2024,Scotiabank,"Toronto, ON"
Evaluation Survey Coordinator & Data Analyst (12-Month Mat leave coverage),Mitacs,"Remote in Ottawa, ON"
"Analyst, Privacy & Data Protection",EspaceProprio,"Hybrid work in Montréal, QC"
Supply Chain Analyst,ITN Food Corporation,"Vaughan, ON"
database analyst,WS & Company Ltd.,"Scarborough, ON"
"Business and Contract Management Analyst, Business Initiatives",Vancouver Coastal Health,"Vancouver, BC"
HRIS ANALYST,MSC - Mediterranean Shipping Company,"Montréal, QC"
Sales and Service Optimization Analyst,AutoTrader.ca,"Hybrid work in Greater Toronto Area, ON"
Programmer Analyst,Pollard Banknote Limited,"Winnipeg, MB"
"Analyst, Privacy & Data Protection",EspaceProprio,"Hybrid work in Montréal, QC"
Velocity - Business Analyst Internship/Co-Op - Fall 2024,Scotiabank,"Toronto, ON"
Evaluation Survey Coordinator & Data Analyst (12-Month Mat leave coverage),Mitacs,"Remote in Ottawa, ON"
Electronic Data Interchange (EDI) Analyst,Nature's Path Foods,"Richmond, BC"
PMO Analyst,Jolera Inc.,"Toronto, ON"
database analyst,Rebellion Logistics Inc.,"Dartmouth, NS"
database analyst,Infinity Wealth Solutions Inc.,"Hannon, ON"
Pricing Analyst,Nexans,"Markham, ON"
Business Systems Analyst – Admin,Waste Connections of Canada,"Calgary, AB"
"Analyst, Privacy & Data Protection",EspaceProprio,"Hybrid work in Montréal, QC"
Velocity - Business Analyst Internship/Co-Op - Fall 2024,Scotiabank,"Toronto, ON"
Evaluation Survey Coordinator & Data Analyst (12-Month Mat leave coverage),Mitacs,"Remote in Ottawa, ON"
Electronic Data Interchange (EDI) Analyst,Nature's Path Foods,"Richmond, BC"
Technical Business Analyst with Business Process Development skills,Raag Solutions,"Edmonton, AB"
PMO Analyst,Jolera Inc.,"Toronto, ON"
database analyst,Rebellion Logistics Inc.,"Dartmouth, NS"
Business Systems Analyst – Admin,Waste Connections of Canada,"Calgary, AB"
database analyst,Infinity Wealth Solutions Inc.,"Hannon, ON"
Pricing Analyst,Nexans,"Markham, ON"
Systems Analyst - Senior,Atlantis IT group,"Toronto, ON"
Strategic Customer Analyst,Irving Consumer Products,"Toronto, ON"
database analyst,KP Technologies Ltd.,"Calgary, AB"
"Tech Support and data Senior Analyst, Internal audit team",BNP Paribas,"Hybrid work in Montréal, QC"
Analyst Strategic Sourcing 18 months contract,Sobeys,"Mississauga, ON"
database analyst,Avari Wireless Corporation,"Burnaby, BC"
Actuarial Analyst,AIG,"Toronto, ON"
Supply Chain Analyst,Sonora Foods Ltd,"Brampton, ON"
Business Analyst,Shared Health,"Winnipeg, MB"
"Engineering Analyst (Hybrid: Toronto, ON) - Hybrid",Enbridge Contingent Talent Community,"Hybrid work in North York, ON"
Performance and Analytics Analyst,Northumberland Hills Hospital,"Cobourg, ON"
sales analyst,magnum millwork inc,"York, ON"
Parts Inventory Analyst,TCAT Div of Toromont Industries Ltd,"Concord, ON"
Senior Systems/Data Analyst,IG Wealth Management,"Hybrid work in Winnipeg, MB"
"Sales Analyst - Personal Health (Hybrid, Ontario)",Philips,"Mississauga, ON"
HRIS Analyst,PRICE INDUSTRIES LIMITED,"Winnipeg, MB"
database analyst,ACE COMPUTER DESIGNS LTD.,"Calgary, AB"
business systems analyst,Ktaria's Management INC.,"Mississauga, ON"
Business Analyst,Omni Logic Solutions,"Vancouver, BC"
"Analyst, Operations Asset Management","Connor, Clark & Lunn Financial Group","Toronto, ON"